invokeTime,startTime,endTime
1608812053072,1608812054171,1608812072658
1608812072670,1608812073752,1608812090293
1608812090348,1608812091417,1608812106518
1608812106531,1608812107608,1608812122955
1608812123010,1608812124084,1608812138771
1608812138784,1608812139858,1608812155308
1608812155364,1608812156434,1608812172045
1608812172058,1608812173137,1608812188551
1608812188607,1608812189684,1608812205181
1608812205195,1608812206349,1608812221573
1608812221627,1608812222707,1608812238081
1608812238094,1608812239192,1608812254843
1608812254894,1608812255958,1608812270933
1608812270945,1608812272024,1608812287677
1608812287730,1608812288818,1608812304065
1608812304078,1608812305138,1608812320449
